"variable","direct","indirect","total","direct_p","indirect_p","total_p"
"n_transfers dy/dx",0.146846152083198,-0.0323100614229807,0.114536090660218,7.98855636308105e-07,0.84900270108817,0.472891199109958
"walk_share dy/dx",-1.46604610279015,0.910787209212417,-0.555258893577728,0,0.147566062802104,0.318926717431677
"daily_departures dy/dx",-0.469451925608339,-0.52088068251468,-0.990332608123019,2.91544566266566e-12,0.192901598839729,0.0178455564859448
"dist_to_stop_m dy/dx",0.000723398279259427,0.00085085000808968,0.00157424828734911,0,0.0808912766801586,0.00239020572692428
"origin_dist_centre_km dy/dx",-0.0571005538179823,-0.0425841529907776,-0.0996847068087598,8.96028562458184e-08,0.00635880459552296,0
"dest_dist_centre_km dy/dx",0.217222372851995,0.0441442275773948,0.26136660042939,0,0.648071586645933,0.00825828691064401
"origin_working_age_pop dy/dx",-0.000285216900529795,-0.000488569649783474,-0.000773786550313269,0.0370745974032489,0.67920168591363,0.514089121180818
"nearest_stop_is_rail dy/dx",-0.0814051494019868,0.210165417134155,0.128760267732169,0.0514473437835505,0.381897764924453,0.600564145257094
"car_directness dy/dx",-1.90225536619458,1.60592792149464,-0.296327444699946,0,0.000700677390178317,0.555527430938085
